Round Number 0,,,,


Round Number 0,,,,


Round Number 0,,,,


Round Number 0,,,,


Round Number 0,,,,


Round Number 0,,,,


Round Number 0,,,,


Round Number 0,,,,


Round Number 0,,,,


Round Number 0,,,,


Round Number 0,,,,


Round Number 0,,,,


Round Number 0,,,,


Round Number 0,,,,


Round Number 0,,,,


Round Number 0,,,,


Round Number 0,,,,


Round Number 0,,,,


Round Number 0,,,,


Round Number 0,,,,


Round Number 0,,,,


Round Number 0,,,,


Round Number 1,,,,
THERMITE,THATCHER,ACE,Z0FIA,SLEDGE
,Renshiro.BDS),,,Rakalle BDS)
Round Number 1,,,,
THERMITE,THATCHER,ACE,Z0FIA,SLEDGE
BriD.BDS,Renshiro.BDS,Shaiiko.BDS—,Elemzje.BDS,RaFale.BDS
